{
  "server_ip": "172.29.2.9",
  "server_port": 8080,
  "server_path": "/api/nal2/process",
  "adultChild": 0,
  "dateOfBirth": 19810101,
  "experience": 0,
  "compSpeed": 1,
  "tonal": 0,
  "gender": 1,
  "AC": [45, 40, 40, 999, 65, 999, 70, 70, 55],
  "BC": [45, 40, 40, 999, 65, 999, 70, 999, 999],
  "ACother": [45, 45, 45, 999, 65, 999, 70, 65, 55],
  "channels": 18,
  "bandWidth": 0,
  "selection": 1,
  "WBCT": 52,
  "aidType": 3,
  "direction": 0,
  "mic": 1,
  "limiting": 0,
  "noOfAids": 1,
  "calcCh": [1, 1, 1, 1, 1, 1, 1, 1, 1, 1, 1, 1, 1, 1, 1, 1, 1, 1, 1],
  "tubing": 0,
  "vent": 0,
  "coupler": 0,
  "fittingDepth": 0,
  "earpiece": 0,
  "RECDmeasType": 0,
  "REDD_defValues": 0,
  "REUR_defValues": 0,
  "L": 65,
  "target": 1,
  "targetType": 1,
  "freqRequired": 9,
  "type": 1,
  "graphFreq": 9,
  "startLevel": 40,
  "finishLevel": 90,
  "s": 2,
  "dbOption": 0,
  "CFArray": [0.0, 178.06239882323337, 224.19681664967337, 282.2842606189176, 355.4216557752587, 447.50831348887715, 563.4538227695684, 709.4398044105412, 893.2494833527821, 1124.682650380699, 1416.0781367816212, 1782.9716576423868, 2244.924096618748, 2826.5643920798198, 3558.902625976133, 4480.983322605355, 5641.967102699254, 7103.75167596759, 0.0],
  "crossOver": [0.0, 0.0, 0.0, 0.0, 0.0, 0.0, 0.0, 0.0, 0.0, 0.0, 0.0, 0.0, 0.0, 0.0, 0.0, 0.0, 0.0, 0.0, 0.0],
  "FreqInCh": [0, 0, 0, 0, 0, 0, 0, 0, 0, 0, 0, 0, 0, 0, 0, 0, 0, 0, 0],
  "centerF": [0, 1, 2, 3, 4, 5, 6, 7, 8, 9, 10, 11, 12, 13, 14, 15, 16, 17],
  "centreFreq": [0, 0, 0, 0, 0, 0, 0, 0, 0, 0, 0, 0, 0, 0, 0, 0, 0, 0, 0],
  "CT": [52.0, 52.0, 52.0, 52.0, 52.0, 52.0, 52.0, 52.0, 52.0, 52.0, 52.0, 52.0, 52.0, 52.0, 52.0, 52.0, 52.0, 52.0, 52.0],
  "CR": [0.0, 1.0, 1.0, 0.9999999999999858, 1.0500613880933583, 1.3350346436782154, 2.037086766269769, 2.044842030208206, 2.0529531198966238, 2.06099920140694, 1.979958239380895, 1.8649433114096936, 1.74034428572669, 1.4116663415392992, 1.1566682666183965, 1.0486961199588873, 1.0024593492559501, 1.000000000000063, 0.9999999999999749],
  "RECDh": [0.7649352634731321, 0.8249822137726888, 2.9854137463261425, 4.529288218498228, 6.1681630941920975, 4.842869808297655, 4.050975905094827, 4.092326709591264, 2.1014984183628647, 2.4488896329071124, 4.069922889363025, 5.806053927964588, 5.303265166131709, 6.208873942820094, 12.598016013767758, 18.670065358705305, 18.658834305697145, 15.492546559518011, 10.435306254651536],
  "RECDh9": [0.0, 0.0, 0.0, 0.0, 0.0, 0.0, 0.0, 0.0, 0.0],
  "RECDt": [-1.1999603976721667, -0.5136972154258294, 1.0234685294149666, 2.7981332973823405, 3.580313894172036, 3.375248161856012, 2.756562932511904, 2.109562964219958, 1.6568971909709627, 1.8495018517093729, 3.683471720404561, 6.0281990625541475, 6.513597210136197, 6.719692470443424, 8.602349602448072, 12.196363762899278, 15.320172431230478, 11.695420173024871, 8.337779914576348],
  "RECDt9": [2.7981332973823405, 2.756562932511904, 1.8495018517093729, 5.359951770041515, 6.513597210136197, 8.169338462087003, 12.196363762899278, 12.529113192412161, 8.337779914576348],
  "REDD": [26.2, 21.2, 19.2, 16.2, 14.5, 13.6, 11.7, 10.7, 9.9, 9.5, 9.2, 11.2, 15.9, 17.7, 15.1, 13.4, 12.9, 16.9, 16.9],
  "REDD9": [16.2, 11.7, 9.5, 10.629999999999999, 15.9, 15.698, 13.4, 15.98, 16.9],
  "REUR": [0.3, 0.5, 0.5, 0.6, 0.5, 0.9, 0.4, 0.5, 0.2, 0.8, 1.2, 6.4, 12.4, 15.1, 14.1, 12.2, 9.0, 2.9, 1.1],
  "REUR9": [0.6, 0.4, 0.8, 4.917999999999999, 12.4, 14.33, 12.2, 4.303, 1.1],
  "REIG": [5.699946576268329, 5.6999465762683315, 5.6999465762683315, 5.699946576268326, 5.505269814609576, 5.250692510901976, 4.951189800657735, 7.516116333090011, 10.870251029347603, 14.816291848474176, 16.673297180935567, 19.27310464638149, 22.244313178319707, 23.729131582114327, 25.659395507047343, 28.583279569927218, 28.97502360669361, 29.32987959990529, 29.120847353095094],
  "REAG": [5.999946576268329, 6.1999465762683315, 6.1999465762683315, 6.299946576268326, 6.005269814609576, 6.150692510901976, 5.351189800657735, 8.380116333090001, 11.910251029347606, 17.016291848474182, 18.92329718093555, 26.23310464638149, 34.64431317831969, 39.698696799505626, 41.75939550704736, 40.78327956992722, 37.97502360669361, 32.229879599905274, 30.22084735309511],
  "TccCG": [0.0, 0.0, 0.0, 0.0, 0.0, 0.0, 0.0, 0.0, 0.0, 0.0, 0.0, 0.0, 0.0, 0.0, 0.0, 0.0, 0.0, 0.0, 0.0],
  "ESG": [0.0, 0.0, 0.0, 0.0, 0.0, 0.0, 0.0, 0.0, 0.0, 0.0, 0.0, 0.0, 0.0, 0.0, 0.0, 0.0, 0.0, 0.0, 0.0],
  "lineType19": [0, 0, 0, 0, 0, 0, 0, 0, 0, 0, 0, 0, 0, 0, 0, 0, 0, 0, 0],
  "MPO": [999.0, 999.0, 999.0, 999.0, 999.0, 999.0, 999.0, 999.0, 999.0, 999.0, 999.0, 999.0, 999.0, 999.0, 999.0, 999.0, 999.0, 999.0, 999.0],
  "gainAt_value": 0.0,
  "REIO": [0.0, 0.0, 0.0, 0.0, 0.0, 0.0, 0.0, 0.0, 0.0, 0.0, 0.0, 0.0, 0.0, 0.0, 0.0, 0.0, 0.0, 0.0, 0.0, 0.0, 0.0, 0.0, 0.0, 0.0, 0.0, 0.0, 0.0, 0.0, 0.0, 0.0, 0.0, 0.0, 0.0, 0.0, 0.0, 0.0, 0.0, 0.0, 0.0, 0.0, 0.0, 0.0, 0.0, 0.0, 0.0, 0.0, 0.0, 0.0, 0.0, 0.0, 0.0, 0.0, 0.0, 0.0, 0.0, 0.0, 0.0, 0.0, 0.0, 0.0, 0.0, 0.0, 0.0, 0.0, 0.0, 0.0, 0.0, 0.0, 0.0, 0.0, 0.0, 0.0, 0.0, 0.0, 0.0, 0.0, 0.0, 0.0, 0.0, 0.0, 0.0, 0.0, 0.0, 0.0, 0.0, 0.0, 0.0, 0.0, 0.0, 0.0, 0.0, 0.0, 0.0, 0.0, 0.0, 0.0, 0.0, 0.0, 0.0, 0.0],
  "REIOunl": [0.0, 0.0, 0.0, 0.0, 0.0, 0.0, 0.0, 0.0, 0.0, 0.0, 0.0, 0.0, 0.0, 0.0, 0.0, 0.0, 0.0, 0.0, 0.0, 0.0, 0.0, 0.0, 0.0, 0.0, 0.0, 0.0, 0.0, 0.0, 0.0, 0.0, 0.0, 0.0, 0.0, 0.0, 0.0, 0.0, 0.0, 0.0, 0.0, 0.0, 0.0, 0.0, 0.0, 0.0, 0.0, 0.0, 0.0, 0.0, 0.0, 0.0, 0.0, 0.0, 0.0, 0.0, 0.0, 0.0, 0.0, 0.0, 0.0, 0.0, 0.0, 0.0, 0.0, 0.0, 0.0, 0.0, 0.0, 0.0, 0.0, 0.0, 0.0, 0.0, 0.0, 0.0, 0.0, 0.0, 0.0, 0.0, 0.0, 0.0, 0.0, 0.0, 0.0, 0.0, 0.0, 0.0, 0.0, 0.0, 0.0, 0.0, 0.0, 0.0, 0.0, 0.0, 0.0, 0.0, 0.0, 0.0, 0.0, 0.0],
  "TccIO": [0.0, 0.0, 0.0, 0.0, 0.0, 0.0, 0.0, 0.0, 0.0, 0.0, 0.0, 0.0, 0.0, 0.0, 0.0, 0.0, 0.0, 0.0, 0.0, 0.0, 0.0, 0.0, 0.0, 0.0, 0.0, 0.0, 0.0, 0.0, 0.0, 0.0, 0.0, 0.0, 0.0, 0.0, 0.0, 0.0, 0.0, 0.0, 0.0, 0.0, 0.0, 0.0, 0.0, 0.0, 0.0, 0.0, 0.0, 0.0, 0.0, 0.0, 0.0, 0.0, 0.0, 0.0, 0.0, 0.0, 0.0, 0.0, 0.0, 0.0, 0.0, 0.0, 0.0, 0.0, 0.0, 0.0, 0.0, 0.0, 0.0, 0.0, 0.0, 0.0, 0.0, 0.0, 0.0, 0.0, 0.0, 0.0, 0.0, 0.0, 0.0, 0.0, 0.0, 0.0, 0.0, 0.0, 0.0, 0.0, 0.0, 0.0, 0.0, 0.0, 0.0, 0.0, 0.0, 0.0, 0.0, 0.0, 0.0, 0.0],
  "TccIOunl": [0.0, 0.0, 0.0, 0.0, 0.0, 0.0, 0.0, 0.0, 0.0, 0.0, 0.0, 0.0, 0.0, 0.0, 0.0, 0.0, 0.0, 0.0, 0.0, 0.0, 0.0, 0.0, 0.0, 0.0, 0.0, 0.0, 0.0, 0.0, 0.0, 0.0, 0.0, 0.0, 0.0, 0.0, 0.0, 0.0, 0.0, 0.0, 0.0, 0.0, 0.0, 0.0, 0.0, 0.0, 0.0, 0.0, 0.0, 0.0, 0.0, 0.0, 0.0, 0.0, 0.0, 0.0, 0.0, 0.0, 0.0, 0.0, 0.0, 0.0, 0.0, 0.0, 0.0, 0.0, 0.0, 0.0, 0.0, 0.0, 0.0, 0.0, 0.0, 0.0, 0.0, 0.0, 0.0, 0.0, 0.0, 0.0, 0.0, 0.0, 0.0, 0.0, 0.0, 0.0, 0.0, 0.0, 0.0, 0.0, 0.0, 0.0, 0.0, 0.0, 0.0, 0.0, 0.0, 0.0, 0.0, 0.0, 0.0, 0.0],
  "ESIO": [0.0, 0.0, 0.0, 0.0, 0.0, 0.0, 0.0, 0.0, 0.0, 0.0, 0.0, 0.0, 0.0, 0.0, 0.0, 0.0, 0.0, 0.0, 0.0, 0.0, 0.0, 0.0, 0.0, 0.0, 0.0, 0.0, 0.0, 0.0, 0.0, 0.0, 0.0, 0.0, 0.0, 0.0, 0.0, 0.0, 0.0, 0.0, 0.0, 0.0, 0.0, 0.0, 0.0, 0.0, 0.0, 0.0, 0.0, 0.0, 0.0, 0.0, 0.0, 0.0, 0.0, 0.0, 0.0, 0.0, 0.0, 0.0, 0.0, 0.0, 0.0, 0.0, 0.0, 0.0, 0.0, 0.0, 0.0, 0.0, 0.0, 0.0, 0.0, 0.0, 0.0, 0.0, 0.0, 0.0, 0.0, 0.0, 0.0, 0.0, 0.0, 0.0, 0.0, 0.0, 0.0, 0.0, 0.0, 0.0, 0.0, 0.0, 0.0, 0.0, 0.0, 0.0, 0.0, 0.0, 0.0, 0.0, 0.0, 0.0],
  "ESIOunl": [0.0, 0.0, 0.0, 0.0, 0.0, 0.0, 0.0, 0.0, 0.0, 0.0, 0.0, 0.0, 0.0, 0.0, 0.0, 0.0, 0.0, 0.0, 0.0, 0.0, 0.0, 0.0, 0.0, 0.0, 0.0, 0.0, 0.0, 0.0, 0.0, 0.0, 0.0, 0.0, 0.0, 0.0, 0.0, 0.0, 0.0, 0.0, 0.0, 0.0, 0.0, 0.0, 0.0, 0.0, 0.0, 0.0, 0.0, 0.0, 0.0, 0.0, 0.0, 0.0, 0.0, 0.0, 0.0, 0.0, 0.0, 0.0, 0.0, 0.0, 0.0, 0.0, 0.0, 0.0, 0.0, 0.0, 0.0, 0.0, 0.0, 0.0, 0.0, 0.0, 0.0, 0.0, 0.0, 0.0, 0.0, 0.0, 0.0, 0.0, 0.0, 0.0, 0.0, 0.0, 0.0, 0.0, 0.0, 0.0, 0.0, 0.0, 0.0, 0.0, 0.0, 0.0, 0.0, 0.0, 0.0, 0.0, 0.0, 0.0],